,Popularity,Title,URL,Year
0,0,1. Lucy in the Sky with Diamonds,http://www.metrolyrics.com/1-lucy-in-the-sky-with-diamonds-lyrics-beatles.html,2015
1,0,12 - Bar Original,http://www.metrolyrics.com/12-bar-original-lyrics-beatles.html,1996
2,0,1822!,http://www.metrolyrics.com/1822-lyrics-beatles.html,2006
3,0,A Beginning,http://www.metrolyrics.com/a-beginning-lyrics-beatles.html,2006
4,7,A Day In The Life,http://www.metrolyrics.com/a-day-in-the-life-lyrics-beatles.html,1996
5,6,A Hard Day's Night,http://www.metrolyrics.com/a-hard-days-night-lyrics-beatles.html,1973
6,0,A Little Rhyme,http://www.metrolyrics.com/a-little-rhyme-lyrics-beatles.html,2006
7,0,A Shot of Rhythm & Blues,http://www.metrolyrics.com/a-shot-of-rhythm-blues-lyrics-beatles.html,2006
8,3,A Taste of Honey,http://www.metrolyrics.com/a-taste-of-honey-lyrics-beatles.html,2014
9,7,Abbey Road Medley,http://www.metrolyrics.com/abbey-road-medley-lyrics-beatles.html,2010
10,7,Across The Universe,http://www.metrolyrics.com/across-the-universe-lyrics-beatles.html,1988
11,3,Act Naturally,http://www.metrolyrics.com/act-naturally-lyrics-beatles.html,2014
12,1,Ain't She Sweet,http://www.metrolyrics.com/aint-she-sweet-lyrics-beatles.html,2013
13,3,All I've Got to Do,http://www.metrolyrics.com/all-ive-got-to-do-lyrics-beatles.html,2006
14,6,All My Loving,http://www.metrolyrics.com/all-my-loving-lyrics-beatles.html,1973
15,0,All My Loving (Original Mono),http://www.metrolyrics.com/all-my-loving-original-mono-lyrics-beatles.html,2006
16,1,All My Loving (Stereo),http://www.metrolyrics.com/all-my-loving-stereo-lyrics-beatles.html,2006
17,0,All Things Must Pass,http://www.metrolyrics.com/all-things-must-pass-lyrics-beatles.html,2000
18,0,All Those Years Ago,http://www.metrolyrics.com/all-those-years-ago-lyrics-beatles.html,2000
19,5,All Together Now,http://www.metrolyrics.com/all-together-now-lyrics-beatles.html,2000
20,8,All You Need is Love,http://www.metrolyrics.com/all-you-need-is-love-lyrics-beatles.html,2000
21,6,And I Love Her,http://www.metrolyrics.com/and-i-love-her-lyrics-beatles.html,1973
22,0,And I Love Her (Original Mono),http://www.metrolyrics.com/and-i-love-her-original-mono-lyrics-beatles.html,2006
23,3,And I Love Her (stereo),http://www.metrolyrics.com/and-i-love-her-stereo-lyrics-beatles.html,2006
24,3,And Your Bird Can Sing,http://www.metrolyrics.com/and-your-bird-can-sing-lyrics-beatles.html,1996
25,4,Anna,http://www.metrolyrics.com/anna-lyrics-beatles.html,2006
26,1,Anna (go To Him),http://www.metrolyrics.com/anna-go-to-him-lyrics-beatles.html,2014
27,0,Another Girl,http://www.metrolyrics.com/another-girl-lyrics-beatles.html,2014
28,3,Any Time at All,http://www.metrolyrics.com/any-time-at-all-lyrics-beatles.html,2006
29,0,Any Time It All,http://www.metrolyrics.com/any-time-it-all-lyrics-beatles.html,2006
30,1,Anything,http://www.metrolyrics.com/anything-lyrics-beatles.html,2007
31,1,Anything You Need,http://www.metrolyrics.com/anything-you-need-lyrics-beatles.html,2012
32,2,Ask Me Why,http://www.metrolyrics.com/ask-me-why-lyrics-beatles.html,2000
33,3,Baby It's You,http://www.metrolyrics.com/baby-its-you-lyrics-beatles.html,1995
34,3,Baby's in Black,http://www.metrolyrics.com/babys-in-black-lyrics-beatles.html,1996
35,0,Baby's in Black (Original Mono),http://www.metrolyrics.com/babys-in-black-original-mono-lyrics-beatles.html,2006
36,0,Baby's in Black (Stereo),http://www.metrolyrics.com/babys-in-black-stereo-lyrics-beatles.html,2006
37,3,"Baby, You're a Rich Man",http://www.metrolyrics.com/baby-youre-a-rich-man-lyrics-beatles.html,2012
38,5,Back in the U.S.S.R,http://www.metrolyrics.com/back-in-the-ussr-lyrics-beatles.html,1990
39,3,Bad Boy,http://www.metrolyrics.com/bad-boy-lyrics-beatles.html,1988
40,4,Bad To Me,http://www.metrolyrics.com/bad-to-me-lyrics-beatles.html,2007
41,0,Beatle Greetings,http://www.metrolyrics.com/beatle-greetings-lyrics-beatles.html,2006
42,5,Because,http://www.metrolyrics.com/because-lyrics-beatles.html,1990
43,0,Because I Know You Love Me So,http://www.metrolyrics.com/because-i-know-you-love-me-so-lyrics-the-beatles.html,2008
44,4,Being For The Benefit Of Mr Kite,http://www.metrolyrics.com/being-for-the-benefit-of-mr-kite-lyrics-beatles.html,1996
45,0,Being For The Benefit Of Mr. Kite! (take 7),http://www.metrolyrics.com/being-for-the-benefit-of-mr-kite-take-7-lyrics-beatles.html,2006
46,2,Beneath The Ocean,http://www.metrolyrics.com/beneath-the-ocean-lyrics-beatles.html,2012
47,3,Besame Mucho,http://www.metrolyrics.com/besame-mucho-lyrics-beatles.html,2006
48,6,Birthday,http://www.metrolyrics.com/birthday-lyrics-beatles.html,1990
49,9,Blackbird,http://www.metrolyrics.com/blackbird-lyrics-beatles.html,1990
50,3,Blue Jay Way,http://www.metrolyrics.com/blue-jay-way-lyrics-beatles.html,2011
51,1,Blue Suede Shoes,http://www.metrolyrics.com/blue-suede-shoes-lyrics-beatles.html,2007
52,3,Boys,http://www.metrolyrics.com/boys-lyrics-beatles.html,1995
53,0,Call Your Name,http://www.metrolyrics.com/call-your-name-lyrics-beatles.html,2014
54,5,Can't Buy Me Love,http://www.metrolyrics.com/cant-buy-me-love-lyrics-beatles.html,1973
55,0,Can't Bye My Love,http://www.metrolyrics.com/cant-bye-my-love-lyrics-beatles.html,2006
56,0,Carol,http://www.metrolyrics.com/carol-lyrics-beatles.html,2006
57,4,Carry That Weight,http://www.metrolyrics.com/carry-that-weight-lyrics-beatles.html,1990
58,0,Cary That Weight,http://www.metrolyrics.com/cary-that-weight-lyrics-beatles.html,2006
59,0,Cat Call,http://www.metrolyrics.com/cat-call-lyrics-beatles.html,2007
60,0,Cayenne,http://www.metrolyrics.com/cayenne-lyrics-beatles.html,2006
61,3,Chains,http://www.metrolyrics.com/chains-lyrics-beatles.html,2014
62,5,Child Of Nature,http://www.metrolyrics.com/child-of-nature-lyrics-beatles.html,2007
63,0,Christmas Time,http://www.metrolyrics.com/christmas-time-lyrics-beatles.html,2006
64,0,Christmas Time (is Here Again),http://www.metrolyrics.com/christmas-time-is-here-again-lyrics-beatles.html,2006
65,0,Clarabella,http://www.metrolyrics.com/clarabella-lyrics-beatles.html,2006
66,0,Cold Turkey,http://www.metrolyrics.com/cold-turkey-lyrics-beatles.html,2007
67,1,Come And Get It,http://www.metrolyrics.com/come-and-get-it-lyrics-beatles.html,2006
68,8,Come Together,http://www.metrolyrics.com/come-together-lyrics-beatles.html,1990
69,2,Commonwealth,http://www.metrolyrics.com/commonwealth-lyrics-beatles.html,2007
70,0,Crinsk Dee Night,http://www.metrolyrics.com/crinsk-dee-night-lyrics-beatles.html,2006
71,3,Cry Baby Cry,http://www.metrolyrics.com/cry-baby-cry-lyrics-beatles.html,1990
72,0,Cry for a Shadow,http://www.metrolyrics.com/cry-for-a-shadow-lyrics-beatles.html,2013
73,0,"Crying, Waiting, Hoping",http://www.metrolyrics.com/crying-waiting-hoping-lyrics-beatles.html,2014
74,0,Day in the Life,http://www.metrolyrics.com/day-in-the-life-lyrics-beatles.html,2002
75,5,Day Tripper,http://www.metrolyrics.com/day-tripper-lyrics-beatles.html,1973
76,5,Dear Prudence,http://www.metrolyrics.com/dear-prudence-lyrics-beatles.html,1990
77,0,Dear Wack!,http://www.metrolyrics.com/dear-wack-lyrics-beatles.html,2006
78,0,Devil in Her Heart,http://www.metrolyrics.com/devil-in-her-heart-lyrics-beatles.html,1995
79,3,Dig a Pony,http://www.metrolyrics.com/dig-a-pony-lyrics-beatles.html,1990
80,0,Dig It,http://www.metrolyrics.com/dig-it-lyrics-beatles.html,1990
81,0,Dizzy Miss Lizzie,http://www.metrolyrics.com/dizzy-miss-lizzie-lyrics-beatles.html,2006
82,1,Dizzy Miss Lizzy,http://www.metrolyrics.com/dizzy-miss-lizzy-lyrics-beatles.html,2014
83,4,Do You Want to Know a Secret,http://www.metrolyrics.com/do-you-want-to-know-a-secret-lyrics-beatles.html,2014
84,2,Doctor Robert,http://www.metrolyrics.com/doctor-robert-lyrics-beatles.html,2014
85,1,Don't Bother Me,http://www.metrolyrics.com/dont-bother-me-lyrics-beatles.html,2006
86,0,Don't Ever Change,http://www.metrolyrics.com/dont-ever-change-lyrics-beatles.html,2006
87,7,Don't Let Me Down,http://www.metrolyrics.com/dont-let-me-down-lyrics-beatles.html,1988
88,1,Don't Let Me Down (w / Billy Preston),http://www.metrolyrics.com/dont-let-me-down-w-billy-preston-lyrics-beatles.html,2006
89,3,Don't Pass Me By,http://www.metrolyrics.com/dont-pass-me-by-lyrics-beatles.html,1990
90,5,Drive My Car,http://www.metrolyrics.com/drive-my-car-lyrics-beatles.html,1973
91,5,Eight Days a Week,http://www.metrolyrics.com/eight-days-a-week-lyrics-beatles.html,1973
92,0,Eight Days A Week (complete),http://www.metrolyrics.com/eight-days-a-week-complete-lyrics-beatles.html,2006
93,6,Eleanor Rigby,http://www.metrolyrics.com/eleanor-rigby-lyrics-beatles.html,1973
94,1,Every Little Thing,http://www.metrolyrics.com/every-little-thing-lyrics-beatles.html,2000
95,0,Everybody's Got Something To Hide Except For Me And My Monkey,http://www.metrolyrics.com/everybodys-got-something-to-hide-except-for-me-and-my-monkey-lyrics-beatles.html,2006
96,0,Everybody's Got Something to Hide Except Me & My Monkey,http://www.metrolyrics.com/everybodys-got-something-to-hide-except-me-my-monkey-lyrics-beatles.html,1990
97,0,Everybody's Trying to Be My Baby,http://www.metrolyrics.com/everybodys-trying-to-be-my-baby-lyrics-beatles.html,1996
98,3,Fixing a Hole,http://www.metrolyrics.com/fixing-a-hole-lyrics-beatles.html,2002
99,1,Flying,http://www.metrolyrics.com/flying-lyrics-beatles.html,2014
100,0,Follow The Sun,http://www.metrolyrics.com/follow-the-sun-lyrics-beatles.html,2006
101,5,For No One,http://www.metrolyrics.com/for-no-one-lyrics-beatles.html,2014
102,0,For You Blue,http://www.metrolyrics.com/for-you-blue-lyrics-beatles.html,1990
103,3,Free as a Bird,http://www.metrolyrics.com/free-as-a-bird-lyrics-beatles.html,2006
104,0,From Fluff to You,http://www.metrolyrics.com/from-fluff-to-you-lyrics-beatles.html,2006
105,4,From Me to You,http://www.metrolyrics.com/from-me-to-you-lyrics-beatles.html,1973
106,0,From Us to You,http://www.metrolyrics.com/from-us-to-you-lyrics-beatles.html,2007
107,7,Get Back,http://www.metrolyrics.com/get-back-lyrics-beatles.html,1988
108,4,Getting Better,http://www.metrolyrics.com/getting-better-lyrics-beatles.html,2002
109,5,Girl,http://www.metrolyrics.com/girl-lyrics-beatles.html,1973
110,4,Give Peace A Chance,http://www.metrolyrics.com/give-peace-a-chance-lyrics-beatles.html,2007
111,0,Glad All Over,http://www.metrolyrics.com/glad-all-over-lyrics-beatles.html,2014
112,4,Glass Onion,http://www.metrolyrics.com/glass-onion-lyrics-beatles.html,1990
113,1,Gnik Nus,http://www.metrolyrics.com/gnik-nus-lyrics-the-beatles.html,2011
114,6,Golden Slumbers,http://www.metrolyrics.com/golden-slumbers-lyrics-beatles.html,1990
115,7,Golden Slumbers/Carry That Wieght/Ending,http://www.metrolyrics.com/golden-slumberscarry-that-wieghtending-lyrics-beatles.html,2007
116,4,Good Day Sunshine,http://www.metrolyrics.com/good-day-sunshine-lyrics-beatles.html,2014
117,2,Good Morning Good Morning,http://www.metrolyrics.com/good-morning-good-morning-lyrics-beatles.html,1996
118,4,Good Night,http://www.metrolyrics.com/good-night-lyrics-beatles.html,1990
119,4,Goodbye,http://www.metrolyrics.com/goodbye-lyrics-the-beatles.html,2008
120,4,Got To Get You Into My Life,http://www.metrolyrics.com/got-to-get-you-into-my-life-lyrics-beatles.html,1996
121,1,"Hallelujah, I Love Her So",http://www.metrolyrics.com/hallelujah-i-love-her-so-lyrics-beatles.html,2006
122,4,Happiness Is A Warm Gun,http://www.metrolyrics.com/happiness-is-a-warm-gun-lyrics-beatles.html,1990
123,0,Happy Christmas,http://www.metrolyrics.com/happy-christmas-lyrics-beatles.html,2000
124,3,Have a Banana!,http://www.metrolyrics.com/have-a-banana-lyrics-beatles.html,2006
125,0,Hear Me Lord,http://www.metrolyrics.com/hear-me-lord-lyrics-beatles.html,2007
126,5,Hello Goodbye,http://www.metrolyrics.com/hello-goodbye-lyrics-beatles.html,1996
127,0,Hello Little Girl,http://www.metrolyrics.com/hello-little-girl-lyrics-beatles.html,2006
128,7,Help,http://www.metrolyrics.com/help-lyrics-beatles.html,1973
129,0,Help! - Remastered 2009,http://www.metrolyrics.com/help-remastered-2009-lyrics-beatles.html,2019
130,5,Helter Skelter,http://www.metrolyrics.com/helter-skelter-lyrics-beatles.html,1990
131,5,Her Majesty,http://www.metrolyrics.com/her-majesty-lyrics-beatles.html,1990
132,8,Here Comes The Sun,http://www.metrolyrics.com/here-comes-the-sun-lyrics-beatles.html,1990
133,0,Here Comes The Sun (Live),http://www.metrolyrics.com/here-comes-the-sun-live-lyrics-beatles.html,2018
134,0,Here Comes The Sun - Remastered 2009,http://www.metrolyrics.com/here-comes-the-sun-remastered-2009-lyrics-beatles.html,2019
135,6,"Here, There And Everywhere",http://www.metrolyrics.com/here-there-and-everywhere-lyrics-beatles.html,1996
136,0,Herere & Everywhere,http://www.metrolyrics.com/herere-everywhere-lyrics-beatles.html,2006
137,4,Hey Bulldog,http://www.metrolyrics.com/hey-bulldog-lyrics-beatles.html,2012
138,9,Hey Jude,http://www.metrolyrics.com/hey-jude-lyrics-beatles.html,1988
139,0,Hey-Hey-Hey-Hey!,http://www.metrolyrics.com/heyheyheyhey-lyrics-beatles.html,2014
140,0,Hippy Hippy Shake,http://www.metrolyrics.com/hippy-hippy-shake-lyrics-beatles.html,2006
141,2,Hold Me Tight,http://www.metrolyrics.com/hold-me-tight-lyrics-beatles.html,2006
142,0,Honey Don't,http://www.metrolyrics.com/honey-dont-lyrics-beatles.html,2006
143,1,Honey Pie,http://www.metrolyrics.com/honey-pie-lyrics-beatles.html,1990
144,0,Hot As Sun,http://www.metrolyrics.com/hot-as-sun-lyrics-beatles.html,2007
145,2,How Do You Do It,http://www.metrolyrics.com/how-do-you-do-it-lyrics-beatles.html,2006
146,7,I Am The Walrus,http://www.metrolyrics.com/i-am-the-walrus-lyrics-beatles.html,1996
147,1,I Call Your Name,http://www.metrolyrics.com/i-call-your-name-lyrics-beatles.html,1988
148,0,I Don't Want To Spoil The Party,http://www.metrolyrics.com/i-dont-want-to-spoil-the-party-lyrics-beatles.html,2014
149,5,I Feel Fine,http://www.metrolyrics.com/i-feel-fine-lyrics-beatles.html,1973
150,0,I Forgot To Remember To Forget,http://www.metrolyrics.com/i-forgot-to-remember-to-forget-lyrics-beatles.html,2006
151,0,I Got A Woman,http://www.metrolyrics.com/i-got-a-woman-lyrics-beatles.html,2006
152,0,I Got To Find My Baby,http://www.metrolyrics.com/i-got-to-find-my-baby-lyrics-beatles.html,2006
153,0,I Just Don't Understand,http://www.metrolyrics.com/i-just-dont-understand-lyrics-beatles.html,2006
154,3,I Me Mine,http://www.metrolyrics.com/i-me-mine-lyrics-beatles.html,1990
155,3,I Need You,http://www.metrolyrics.com/i-need-you-lyrics-beatles.html,2014
156,5,I Saw Her Standing There,http://www.metrolyrics.com/i-saw-her-standing-there-lyrics-beatles.html,2006
157,4,I Should Have Known Better,http://www.metrolyrics.com/i-should-have-known-better-lyrics-beatles.html,2014
158,2,I Wanna Be Your Man,http://www.metrolyrics.com/i-wanna-be-your-man-lyrics-beatles.html,2006
159,7,I Want To Hold Your Hand,http://www.metrolyrics.com/i-want-to-hold-your-hand-lyrics-beatles.html,1973
160,1,I Want To Tell You,http://www.metrolyrics.com/i-want-to-tell-you-lyrics-beatles.html,2014
161,3,I Want You,http://www.metrolyrics.com/i-want-you-lyrics-beatles.html,2011
162,1,I Want You (She's So Heavy),http://www.metrolyrics.com/i-want-you-shes-so-heavy-lyrics-beatles.html,1990
163,6,I Will,http://www.metrolyrics.com/i-will-lyrics-beatles.html,1990
164,3,I'll Be Back,http://www.metrolyrics.com/ill-be-back-lyrics-beatles.html,2006
165,0,I'll Be On My Way,http://www.metrolyrics.com/ill-be-on-my-way-lyrics-beatles.html,2014
166,2,I'll Cry Instead,http://www.metrolyrics.com/ill-cry-instead-lyrics-beatles.html,2006
167,4,I'll Follow The Sun,http://www.metrolyrics.com/ill-follow-the-sun-lyrics-beatles.html,1995
168,1,I'll Get You,http://www.metrolyrics.com/ill-get-you-lyrics-beatles.html,1988
169,4,I'm A Loser,http://www.metrolyrics.com/im-a-loser-lyrics-beatles.html,2006
170,2,I'm Down,http://www.metrolyrics.com/im-down-lyrics-beatles.html,1988
171,0,I'm Gonna Sit Right Down & Cry,http://www.metrolyrics.com/im-gonna-sit-right-down-cry-lyrics-beatles.html,2006
172,0,I'm Gonna Sit Right Down And Cry (over You),http://www.metrolyrics.com/im-gonna-sit-right-down-and-cry-over-you-lyrics-beatles.html,2006
173,2,I'm Happy Just To Dance With You,http://www.metrolyrics.com/im-happy-just-to-dance-with-you-lyrics-beatles.html,2006
174,2,I'm In Love,http://www.metrolyrics.com/im-in-love-lyrics-beatles.html,2014
175,0,I'm Just Happy to Dance With You,http://www.metrolyrics.com/im-just-happy-to-dance-with-you-lyrics-beatles.html,2006
176,3,I'm Looking Through You,http://www.metrolyrics.com/im-looking-through-you-lyrics-beatles.html,1996
177,3,I'm Only Sleeping,http://www.metrolyrics.com/im-only-sleeping-lyrics-beatles.html,1996
178,0,I'm Ready,http://www.metrolyrics.com/im-ready-lyrics-beatles.html,2014
179,5,I'm So Tired,http://www.metrolyrics.com/im-so-tired-lyrics-beatles.html,1990
180,4,I've Got A Feeling,http://www.metrolyrics.com/ive-got-a-feeling-lyrics-beatles.html,1990
181,5,I've Just Seen A Face,http://www.metrolyrics.com/ive-just-seen-a-face-lyrics-beatles.html,2000
182,1,If I Feel,http://www.metrolyrics.com/if-i-feel-lyrics-beatles.html,2007
183,6,If I Fell,http://www.metrolyrics.com/if-i-fell-lyrics-beatles.html,2006
184,3,If I Needed Someone,http://www.metrolyrics.com/if-i-needed-someone-lyrics-beatles.html,2009
185,0,If You've Got Trouble,http://www.metrolyrics.com/if-youve-got-trouble-lyrics-beatles.html,1996
186,6,Imagine,http://www.metrolyrics.com/imagine-lyrics-beatles.html,2008
187,9,In My Life,http://www.metrolyrics.com/in-my-life-lyrics-beatles.html,1973
188,0,In My Life / Wait,http://www.metrolyrics.com/in-my-life-wait-lyrics-beatles.html,2009
189,1,In Spite Of All The Danger,http://www.metrolyrics.com/in-spite-of-all-the-danger-lyrics-beatles.html,2006
190,0,India,http://www.metrolyrics.com/india-lyrics-the-beatles.html,2008
191,0,It Don't Come Easy,http://www.metrolyrics.com/it-dont-come-easy-lyrics-beatles.html,2000
192,0,It Won't Be Long,http://www.metrolyrics.com/it-wont-be-long-lyrics-beatles.html,2000
193,3,It's All Too Much,http://www.metrolyrics.com/its-all-too-much-lyrics-beatles.html,2012
194,3,It's Easy,http://www.metrolyrics.com/its-easy-lyrics-beatles.html,2006
195,0,It's For You,http://www.metrolyrics.com/its-for-you-lyrics-beatles.html,2007
196,2,It's Only Love,http://www.metrolyrics.com/its-only-love-lyrics-beatles.html,1996
197,0,It's All Too Much,http://www.metrolyrics.com/itas-all-too-much-lyrics-beatles.html,2012
198,0,I'm Down,http://www.metrolyrics.com/iam-down-lyrics-beatles.html,2012
199,0,I've Got a Feeling (Naked Version),http://www.metrolyrics.com/iave-got-a-feeling-naked-version-lyrics-beatles.html,2012
200,0,Jazz Piano Song,http://www.metrolyrics.com/jazz-piano-song-lyrics-beatles.html,2007
201,4,Jealous Guy,http://www.metrolyrics.com/jealous-guy-lyrics-beatles.html,2010
202,0,Johnny B. Goode,http://www.metrolyrics.com/johnny-b-goode-lyrics-beatles.html,2006
203,4,Julia,http://www.metrolyrics.com/julia-lyrics-beatles.html,1990
204,1,Junk,http://www.metrolyrics.com/junk-lyrics-beatles.html,2006
205,0,Just a Rumour,http://www.metrolyrics.com/just-a-rumour-lyrics-beatles.html,2006
206,3,Kansas City,http://www.metrolyrics.com/kansas-city-lyrics-beatles.html,2014
207,1,Kansas City ? Hey-hey-hey-hey!,http://www.metrolyrics.com/kansas-city-heyheyheyhey-lyrics-beatles.html,2006
208,0,Keep Your Hands Off My Baby,http://www.metrolyrics.com/keep-your-hands-off-my-baby-lyrics-beatles.html,2006
209,0,"Kom, Gib Mir Deine Hand",http://www.metrolyrics.com/kom-gib-mir-deine-hand-lyrics-beatles.html,2014
210,1,"Komm, Gib Mir Deine Hand",http://www.metrolyrics.com/komm-gib-mir-deine-hand-lyrics-beatles.html,1988
211,5,Lady Madonna,http://www.metrolyrics.com/lady-madonna-lyrics-beatles.html,1988
212,0,Leave My Kitten Alone,http://www.metrolyrics.com/leave-my-kitten-alone-lyrics-beatles.html,2006
213,0,Lend Me Your Comb,http://www.metrolyrics.com/lend-me-your-comb-lyrics-beatles.html,2006
214,10,Let It Be,http://www.metrolyrics.com/let-it-be-lyrics-beatles.html,1988
215,0,Let's Dance,http://www.metrolyrics.com/lets-dance-lyrics-beatles.html,2013
216,0,Like Dreamers Do,http://www.metrolyrics.com/like-dreamers-do-lyrics-beatles.html,2006
217,0,Litlle Child,http://www.metrolyrics.com/litlle-child-lyrics-beatles.html,2006
218,0,Little Child,http://www.metrolyrics.com/little-child-lyrics-beatles.html,2006
219,0,Lonesome Tears in My Eyes,http://www.metrolyrics.com/lonesome-tears-in-my-eyes-lyrics-beatles.html,2006
220,1,Long Tall Sally,http://www.metrolyrics.com/long-tall-sally-lyrics-beatles.html,1988
221,3,"Long, Long, Long",http://www.metrolyrics.com/long-long-long-lyrics-beatles.html,1990
222,0,Los Paranoias,http://www.metrolyrics.com/los-paranoias-lyrics-beatles.html,2007
223,6,Love Me Do,http://www.metrolyrics.com/love-me-do-lyrics-beatles.html,1973
224,1,Love of The Loved,http://www.metrolyrics.com/love-of-the-loved-lyrics-beatles.html,2006
225,0,Love These Goon Shows!,http://www.metrolyrics.com/love-these-goon-shows-lyrics-beatles.html,2006
226,2,Love You To,http://www.metrolyrics.com/love-you-to-lyrics-beatles.html,2012
227,0,"Love You To/Here, There And Everywhere",http://www.metrolyrics.com/love-you-tohere-there-and-everywhere-lyrics-beatles.html,2014
228,4,Lovely Rita,http://www.metrolyrics.com/lovely-rita-lyrics-beatles.html,2002
229,0,Lucille,http://www.metrolyrics.com/lucille-lyrics-beatles.html,2006
230,7,Lucy In The Sky With Diamonds,http://www.metrolyrics.com/lucy-in-the-sky-with-diamonds-lyrics-beatles.html,1996
231,1,Maggie Mae,http://www.metrolyrics.com/maggie-mae-lyrics-beatles.html,1990
232,3,Magical Mystery Tour,http://www.metrolyrics.com/magical-mystery-tour-lyrics-beatles.html,2010
233,0,"Mailman, Bring Me No More Blues",http://www.metrolyrics.com/mailman-bring-me-no-more-blues-lyrics-beatles.html,2006
234,0,March of the Meanies,http://www.metrolyrics.com/march-of-the-meanies-lyrics-beatles.html,2007
235,3,Martha My Dear,http://www.metrolyrics.com/martha-my-dear-lyrics-beatles.html,1990
236,1,Matchbox,http://www.metrolyrics.com/matchbox-lyrics-beatles.html,1988
237,5,Maxwell's Silver Hammer,http://www.metrolyrics.com/maxwells-silver-hammer-lyrics-beatles.html,1990
238,0,Maxwell's Sliver Hammer,http://www.metrolyrics.com/maxwells-sliver-hammer-lyrics-beatles.html,2007
239,3,Mean Mr Mustard,http://www.metrolyrics.com/mean-mr-mustard-lyrics-beatles.html,1990
240,0,Medley,http://www.metrolyrics.com/medley-lyrics-beatles.html,2017
241,0,Medley: Kansas City / Hey Hey Hey Hey,http://www.metrolyrics.com/medley-kansas-city-hey-hey-hey-hey-lyrics-beatles.html,2007
242,0,"Medley: Rip It Up / Shake, Rattle And Roll / Blue Suede Shoes",http://www.metrolyrics.com/medley-rip-it-up-shake-rattle-and-roll-blue-suede-shoes-lyrics-beatles.html,2007
243,0,"Medley: Rip it up/Shake, Rattle and Roll/Blue Suede Shoes",http://www.metrolyrics.com/medley-rip-it-upshake-rattle-and-rollblue-suede-shoes-lyrics-beatles.html,2017
244,0,Medley: Sea of Time & Sea of Holes,http://www.metrolyrics.com/medley-sea-of-time-sea-of-holes-lyrics-beatles.html,2007
245,0,Medly,http://www.metrolyrics.com/medly-lyrics-beatles.html,2006
246,0,"Memphis, Tennessee",http://www.metrolyrics.com/memphis-tennessee-lyrics-beatles.html,2006
247,0,Michelle,http://www.metrolyrics.com/the-word-michelle-lyrics-beatles.html,2009
248,7,Michelle,http://www.metrolyrics.com/michelle-lyrics-beatles.html,1973
249,1,Misery,http://www.metrolyrics.com/misery-lyrics-beatles.html,2014
250,2,Money,http://www.metrolyrics.com/money-lyrics-beatles.html,2006
251,0,Money (alt version to UK release) (Original Mono),http://www.metrolyrics.com/money-alt-version-to-uk-release-original-mono-lyrics-beatles.html,2006
252,0,Money (alt version to UK release)(Stereo),http://www.metrolyrics.com/money-alt-version-to-uk-releasestereo-lyrics-beatles.html,2006
253,0,Money (That's What I Want),http://www.metrolyrics.com/money-thats-what-i-want-lyrics-beatles.html,2014
254,0,Moonlight Bay,http://www.metrolyrics.com/moonlight-bay-lyrics-beatles.html,2006
255,3,Mother Nature's Son,http://www.metrolyrics.com/mother-natures-son-lyrics-beatles.html,1990
256,2,Mr Moonlight,http://www.metrolyrics.com/mr-moonlight-lyrics-beatles.html,2006
257,2,My Bonnie,http://www.metrolyrics.com/my-bonnie-lyrics-beatles.html,2013
258,0,My Sweet Lord,http://www.metrolyrics.com/my-sweet-lord-lyrics-beatles.html,2000
259,3,No Reply,http://www.metrolyrics.com/no-reply-lyrics-beatles.html,2006
260,0,Nobody I Know,http://www.metrolyrics.com/nobody-i-know-lyrics-beatles.html,2007
261,1,Nobody's Child,http://www.metrolyrics.com/nobodys-child-lyrics-beatles.html,2013
262,6,Norwegian Wood,http://www.metrolyrics.com/norwegian-wood-lyrics-beatles.html,1996
263,3,Norwegian Wood (this Bird Has Flown),http://www.metrolyrics.com/norwegian-wood-this-bird-has-flown-lyrics-beatles.html,1973
264,1,Not A Second Time,http://www.metrolyrics.com/not-a-second-time-lyrics-beatles.html,2006
265,1,Not Guilty,http://www.metrolyrics.com/not-guilty-lyrics-beatles.html,2006
266,0,Nothin' Shakin',http://www.metrolyrics.com/nothin-shakin-lyrics-beatles.html,2006
267,5,Nowhere Man,http://www.metrolyrics.com/nowhere-man-lyrics-beatles.html,1973
268,0,"Ob-La-Di, Ob-La-Da",http://www.metrolyrics.com/ob-la-lyrics-beatles.html,2014
269,7,Obladi Oblada,http://www.metrolyrics.com/obladi-oblada-lyrics-beatles.html,1990
270,5,Octopus's Garden,http://www.metrolyrics.com/octopuss-garden-lyrics-beatles.html,1990
271,1,Oh Darlin',http://www.metrolyrics.com/oh-darlin-lyrics-beatles.html,2006
272,6,Oh! Darling,http://www.metrolyrics.com/oh-darling-lyrics-beatles.html,1990
273,0,Old Brown Shoe,http://www.metrolyrics.com/old-brown-shoe-lyrics-beatles.html,1988
274,3,Once There Was A Way,http://www.metrolyrics.com/once-there-was-a-way-lyrics-beatles.html,2012
275,3,One After 909,http://www.metrolyrics.com/one-after-909-lyrics-beatles.html,1990
276,0,Only A Northern Song,http://www.metrolyrics.com/only-a-northern-song-lyrics-beatles.html,1996
277,0,Ooh! My Arms,http://www.metrolyrics.com/ooh-my-arms-lyrics-beatles.html,2006
278,0,Ooh! My Soul,http://www.metrolyrics.com/ooh-my-soul-lyrics-beatles.html,2014
279,4,P.s. I Love You,http://www.metrolyrics.com/ps-i-love-you-lyrics-beatles.html,2012
280,4,Paperback Writer,http://www.metrolyrics.com/paperback-writer-lyrics-beatles.html,1973
281,7,Penny Lane,http://www.metrolyrics.com/penny-lane-lyrics-beatles.html,1996
282,0,Pepper Land Laid Waste,http://www.metrolyrics.com/pepper-land-laid-waste-lyrics-beatles.html,2007
283,0,Pepperland,http://www.metrolyrics.com/pepperland-lyrics-beatles.html,2007
284,0,Photograph,http://www.metrolyrics.com/photograph-lyrics-beatles.html,2000
285,2,Piggies,http://www.metrolyrics.com/piggies-lyrics-beatles.html,1990
286,3,Please Mister Postman,http://www.metrolyrics.com/please-mister-postman-lyrics-beatles.html,2014
287,2,Please Mr. Postman,http://www.metrolyrics.com/please-mr-postman-lyrics-beatles.html,2006
288,5,Please Please Me,http://www.metrolyrics.com/please-please-me-lyrics-beatles.html,1973
289,2,Polythene Pam,http://www.metrolyrics.com/polythene-pam-lyrics-beatles.html,1990
290,5,Rain,http://www.metrolyrics.com/rain-lyrics-beatles.html,1988
291,5,Real Love,http://www.metrolyrics.com/real-love-lyrics-beatles.html,1996
292,0,Remember,http://www.metrolyrics.com/remember-lyrics-beatles.html,2000
293,6,Revolution,http://www.metrolyrics.com/revolution-lyrics-beatles.html,1988
294,2,Revolution 1,http://www.metrolyrics.com/revolution-1-lyrics-beatles.html,1990
295,4,Revolution 9,http://www.metrolyrics.com/revolution-9-lyrics-beatles.html,1990
296,0,Revolution 9 (2018 Mix),http://www.metrolyrics.com/revolution-9-2018-mix-lyrics-beatles.html,2019
297,1,Riding on a Bus,http://www.metrolyrics.com/riding-on-a-bus-lyrics-beatles.html,2006
298,0,"Rip It Up - Shake, Rattle And Roll - Blue Suede Shoes",http://www.metrolyrics.com/rip-it-up-shake-rattle-and-roll-blue-suede-shoes-lyrics-beatles.html,2006
299,1,Rock And Roll Music,http://www.metrolyrics.com/rock-and-roll-music-lyrics-beatles.html,1996
300,5,Rocky Raccoon,http://www.metrolyrics.com/rocky-raccoon-lyrics-beatles.html,1990
301,3,Rocky Racoon,http://www.metrolyrics.com/rocky-racoon-lyrics-beatles.html,2014
302,1,Roll Over Beethoven,http://www.metrolyrics.com/roll-over-beethoven-lyrics-beatles.html,2006
303,0,Rubber Soul Documentary,http://www.metrolyrics.com/rubber-soul-documentary-lyrics-beatles.html,2009
304,3,Ruby Baby,http://www.metrolyrics.com/ruby-baby-lyrics-beatles.html,2013
305,3,Run for Your Life,http://www.metrolyrics.com/run-for-your-life-lyrics-beatles.html,2009
306,2,Savoy Truffle,http://www.metrolyrics.com/savoy-truffle-lyrics-beatles.html,1990
307,0,Sea Of Holes,http://www.metrolyrics.com/sea-of-holes-lyrics-beatles.html,2007
308,0,Sea of Monsters,http://www.metrolyrics.com/sea-of-monsters-lyrics-beatles.html,2007
309,2,Sea Of Time,http://www.metrolyrics.com/sea-of-time-lyrics-beatles.html,2007
310,2,Searchin',http://www.metrolyrics.com/searchin-lyrics-beatles.html,2006
311,0,Sentimental Journey,http://www.metrolyrics.com/sentimental-journey-lyrics-beatles.html,2000
312,0,September In The Rain,http://www.metrolyrics.com/september-in-the-rain-lyrics-beatles.html,2006
313,0,Set Fire to That Lot,http://www.metrolyrics.com/set-fire-to-that-lot-lyrics-beatles.html,2006
314,3,Sexy Sadie,http://www.metrolyrics.com/sexy-sadie-lyrics-beatles.html,1990
315,0,Sgt Pepper's Lonely Hearts Club Band (reprise),http://www.metrolyrics.com/sgt-peppers-lonely-hearts-club-band-reprise-lyrics-beatles.html,2002
316,5,Sgt. Pepper's Lonely Hearts Club Band,http://www.metrolyrics.com/sgt-peppers-lonely-hearts-club-band-lyrics-beatles.html,1996
317,0,Sha La La La La! (Speech),http://www.metrolyrics.com/sha-la-la-la-la-speech-lyrics-beatles.html,2006
318,0,"Shake, Rattle, And Roll",http://www.metrolyrics.com/shake-rattle-and-roll-lyrics-beatles.html,2007
319,4,She Came In Through The Bathroom Window,http://www.metrolyrics.com/she-came-in-through-the-bathroom-window-lyrics-beatles.html,1990
320,6,She Loves You,http://www.metrolyrics.com/she-loves-you-lyrics-beatles.html,1973
321,2,She Said She Said,http://www.metrolyrics.com/she-said-she-said-lyrics-beatles.html,2012
322,3,She's a Woman,http://www.metrolyrics.com/shes-a-woman-lyrics-beatles.html,1988
323,5,She's Leaving Home,http://www.metrolyrics.com/shes-leaving-home-lyrics-beatles.html,2002
324,0,Shout,http://www.metrolyrics.com/shout-lyrics-beatles.html,2006
325,4,Sie Liebt Dich,http://www.metrolyrics.com/sie-liebt-dich-lyrics-beatles.html,1988
326,0,Silly Love Songs,http://www.metrolyrics.com/silly-love-songs-lyrics-beatles.html,2000
327,3,Slow Down,http://www.metrolyrics.com/slow-down-lyrics-beatles.html,1988
328,0,So How Come,http://www.metrolyrics.com/so-how-come-lyrics-beatles.html,2006
329,0,So How Come (no One Loves Me),http://www.metrolyrics.com/so-how-come-no-one-loves-me-lyrics-beatles.html,2006
330,0,Soldier Of Love,http://www.metrolyrics.com/soldier-of-love-lyrics-beatles.html,2006
331,1,Some Other Guy,http://www.metrolyrics.com/some-other-guy-lyrics-beatles.html,2006
332,6,Something,http://www.metrolyrics.com/something-lyrics-beatles.html,1990
333,0,Speech: Brian Epstein,http://www.metrolyrics.com/speech-brian-epstein-lyrics-beatles.html,2017
334,2,Speech: Eric Morecambe and Ernie Wise,http://www.metrolyrics.com/speech-eric-morecambe-and-ernie-wise-lyrics-beatles.html,2007
335,0,Speech: John,http://www.metrolyrics.com/speech-john-lyrics-beatles.html,2007
336,0,Speech: John Lennon,http://www.metrolyrics.com/speech-john-lennon-lyrics-beatles.html,2017
337,0,Speech: Paul,http://www.metrolyrics.com/speech-paul-lyrics-beatles.html,2017
338,0,Speech: Paul McCartney,http://www.metrolyrics.com/speech-paul-mccartney-lyrics-beatles.html,2007
339,0,Step Inside Love,http://www.metrolyrics.com/step-inside-love-lyrics-beatles.html,2017
340,0,Step Inside Love - Los Paranoias,http://www.metrolyrics.com/step-inside-love-los-paranoias-lyrics-beatles.html,2006
341,7,Strawberry Fields Forever,http://www.metrolyrics.com/strawberry-fields-forever-lyrics-beatles.html,1996
342,3,Strawberry Hill,http://www.metrolyrics.com/strawberry-hill-lyrics-beatles.html,2006
343,4,Sun King,http://www.metrolyrics.com/sun-king-lyrics-beatles.html,1990
344,0,Sure to Fall,http://www.metrolyrics.com/sure-to-fall-lyrics-beatles.html,2006
345,0,Sure To Fall (in Love With You),http://www.metrolyrics.com/sure-to-fall-in-love-with-you-lyrics-beatles.html,2006
346,0,Sweet Georgia Brown,http://www.metrolyrics.com/sweet-georgia-brown-lyrics-beatles.html,2013
347,0,Sweet Litlle Sixteen,http://www.metrolyrics.com/sweet-litlle-sixteen-lyrics-beatles.html,2006
348,0,Sweet Little Sixteen,http://www.metrolyrics.com/sweet-little-sixteen-lyrics-beatles.html,2006
349,3,Take Good Care Of My Baby,http://www.metrolyrics.com/take-good-care-of-my-baby-lyrics-beatles.html,2006
350,0,Take Out Some Insurance,http://www.metrolyrics.com/take-out-some-insurance-lyrics-beatles.html,2017
351,0,Take Out Some Insurance On Me Baby,http://www.metrolyrics.com/take-out-some-insurance-on-me-baby-lyrics-beatles.html,2013
352,5,Taxman,http://www.metrolyrics.com/taxman-lyrics-beatles.html,1996
353,0,Teddy Boy,http://www.metrolyrics.com/teddy-boy-lyrics-beatles.html,2006
354,1,Tell Me What You See,http://www.metrolyrics.com/tell-me-what-you-see-lyrics-beatles.html,2014
355,2,Tell Me Why,http://www.metrolyrics.com/tell-me-why-lyrics-beatles.html,2006
356,0,Texman,http://www.metrolyrics.com/texman-lyrics-beatles.html,2006
357,0,Thank You Girl,http://www.metrolyrics.com/thank-you-girl-lyrics-beatles.html,1988
358,0,That Means A Lot,http://www.metrolyrics.com/that-means-a-lot-lyrics-beatles.html,1996
359,0,That'll Be The Day,http://www.metrolyrics.com/thatll-be-the-day-lyrics-beatles.html,2006
360,2,That's All Right,http://www.metrolyrics.com/thats-all-right-lyrics-beatles.html,2006
361,1,That's All Right (mama),http://www.metrolyrics.com/thats-all-right-mama-lyrics-beatles.html,2006
362,5,The Ballad Of John And Yoko,http://www.metrolyrics.com/the-ballad-of-john-and-yoko-lyrics-beatles.html,1988
363,0,The Bus,http://www.metrolyrics.com/the-bus-lyrics-beatles.html,2007
364,3,The Continuing Story Of Bungalow Bill,http://www.metrolyrics.com/the-continuing-story-of-bungalow-bill-lyrics-beatles.html,1990
365,6,The End,http://www.metrolyrics.com/the-end-lyrics-beatles.html,1990
366,0,The End (Anthology 3 Version),http://www.metrolyrics.com/the-end-anthology-3-version-lyrics-beatles.html,2012
367,5,The Fool On The Hill,http://www.metrolyrics.com/the-fool-on-the-hill-lyrics-beatles.html,1996
368,0,The Honeymoon Song,http://www.metrolyrics.com/the-honeymoon-song-lyrics-beatles.html,2006
369,1,The Inner Light,http://www.metrolyrics.com/the-inner-light-lyrics-beatles.html,1988
370,6,The Long And Winding Road,http://www.metrolyrics.com/the-long-and-winding-road-lyrics-beatles.html,1990
371,2,The Night Before,http://www.metrolyrics.com/the-night-before-lyrics-beatles.html,2014
372,0,The Saints,http://www.metrolyrics.com/the-saints-lyrics-beatles.html,2013
373,2,The Sheik Of Araby,http://www.metrolyrics.com/the-sheik-of-araby-lyrics-beatles.html,2006
374,0,The Shiek Of Araby,http://www.metrolyrics.com/the-shiek-of-araby-lyrics-beatles.html,2006
375,0,The Streets Of London,http://www.metrolyrics.com/the-streets-of-london-lyrics-beatles.html,2006
376,3,The Word,http://www.metrolyrics.com/the-word-lyrics-beatles.html,2011
377,8,There are places I remember,http://www.metrolyrics.com/there-are-places-i-remember-lyrics-beatles.html,2006
378,2,There's A Place,http://www.metrolyrics.com/theres-a-place-lyrics-beatles.html,2000
379,3,Things We Said Today,http://www.metrolyrics.com/things-we-said-today-lyrics-beatles.html,2006
380,0,Think For Yourself,http://www.metrolyrics.com/think-for-yourself-lyrics-beatles.html,2000
381,1,This Boy,http://www.metrolyrics.com/this-boy-lyrics-beatles.html,1988
382,1,Three Cool Cats,http://www.metrolyrics.com/three-cool-cats-lyrics-beatles.html,2006
383,5,Ticket To Ride,http://www.metrolyrics.com/ticket-to-ride-lyrics-beatles.html,1973
384,4,Till There Was You,http://www.metrolyrics.com/till-there-was-you-lyrics-beatles.html,2006
385,0,To Know Her Is To Love Her,http://www.metrolyrics.com/to-know-her-is-to-love-her-lyrics-beatles.html,2014
386,4,Tomorrow Never Knows,http://www.metrolyrics.com/tomorrow-never-knows-lyrics-beatles.html,1996
387,1,Too Much Monkey Business,http://www.metrolyrics.com/too-much-monkey-business-lyrics-beatles.html,2006
388,0,Turn On Your Light,http://www.metrolyrics.com/turn-on-your-light-lyrics-beatles.html,2012
389,6,Twist And Shout,http://www.metrolyrics.com/twist-and-shout-lyrics-beatles.html,2014
390,6,Two Of Us,http://www.metrolyrics.com/two-of-us-lyrics-beatles.html,1990
391,0,Wait,http://www.metrolyrics.com/wait-lyrics-beatles.html,2014
392,5,We Can Work It Out,http://www.metrolyrics.com/we-can-work-it-out-lyrics-beatles.html,1973
393,0,What Goes On,http://www.metrolyrics.com/what-goes-on-lyrics-beatles.html,2014
394,0,What Goes On Girl,http://www.metrolyrics.com/what-goes-on-girl-lyrics-beatles.html,2009
395,0,What You're Doing,http://www.metrolyrics.com/what-youre-doing-lyrics-beatles.html,2011
396,0,What Your Doing,http://www.metrolyrics.com/what-your-doing-lyrics-beatles.html,2006
397,0,What'd I Say,http://www.metrolyrics.com/whatd-i-say-lyrics-beatles.html,2013
398,0,What's The New Mary Jane,http://www.metrolyrics.com/whats-the-new-mary-jane-lyrics-beatles.html,2006
399,3,When I Get Home,http://www.metrolyrics.com/when-i-get-home-lyrics-beatles.html,2006
400,9,When I'm 64,http://www.metrolyrics.com/when-im-64-lyrics-beatles.html,2000
401,0,When I'm 64: Ringo Ties the Knot,http://www.metrolyrics.com/when-im-64-ringo-ties-the-knot-lyrics-beatles.html,2000
402,5,When I'm Sixty-four,http://www.metrolyrics.com/when-im-sixtyfour-lyrics-beatles.html,2002
403,3,When I'm Sixty-Four (Take 2),http://www.metrolyrics.com/when-im-sixtyfour-take-2-lyrics-beatles.html,2018
404,0,When We Were Fab,http://www.metrolyrics.com/when-we-were-fab-lyrics-beatles.html,2000
405,4,Where Have You Been All My Life,http://www.metrolyrics.com/where-have-you-been-all-my-life-lyrics-beatles.html,2014
406,6,While My Guitar Gently Weeps,http://www.metrolyrics.com/while-my-guitar-gently-weeps-lyrics-beatles.html,1990
407,0,While My Guitar Gently Weeps (2018 Mix),http://www.metrolyrics.com/while-my-guitar-gently-weeps-2018-mix-lyrics-beatles.html,2018
408,0,While My Guitar Gently Weeps (LIVE),http://www.metrolyrics.com/while-my-guitar-gently-weeps-live-lyrics-beatles.html,2018
409,0,White Christmas,http://www.metrolyrics.com/white-christmas-lyrics-beatles.html,2018
410,0,Why,http://www.metrolyrics.com/why-lyrics-beatles.html,2006
411,0,Why (Can't You Love Me Again),http://www.metrolyrics.com/why-cant-you-love-me-again-lyrics-beatles.html,2013
412,2,Why Don't We Do It In The Road?,http://www.metrolyrics.com/why-dont-we-do-it-in-the-road-lyrics-beatles.html,1990
413,0,Wild Honey Pie,http://www.metrolyrics.com/wild-honey-pie-lyrics-beatles.html,1990
414,2,Will You Still Love Me,http://www.metrolyrics.com/will-you-still-love-me-lyrics-beatles.html,2012
415,7,With A Little Help From My Friends,http://www.metrolyrics.com/with-a-little-help-from-my-friends-lyrics-beatles.html,2000
416,4,Within You Without You,http://www.metrolyrics.com/within-you-without-you-lyrics-beatles.html,1996
417,0,Within You Without You/Tomorrow Never Knows,http://www.metrolyrics.com/within-you-without-youtomorrow-never-knows-lyrics-beatles.html,2015
418,3,Words of Love,http://www.metrolyrics.com/words-of-love-lyrics-beatles.html,2014
419,0,Ya Ya,http://www.metrolyrics.com/ya-ya-lyrics-beatles.html,2013
420,0,Years Roll Along,http://www.metrolyrics.com/years-roll-along-lyrics-beatles.html,2007
421,7,Yellow Submarine,http://www.metrolyrics.com/yellow-submarine-lyrics-beatles.html,1973
422,0,Yellow Submarine in Pepperland,http://www.metrolyrics.com/yellow-submarine-in-pepperland-lyrics-beatles.html,2007
423,4,Yer Blues,http://www.metrolyrics.com/yer-blues-lyrics-beatles.html,1990
424,0,Yes It Is,http://www.metrolyrics.com/yes-it-is-lyrics-beatles.html,1988
425,9,Yesterday,http://www.metrolyrics.com/yesterday-lyrics-beatles.html,1973
426,0,Yesterdays,http://www.metrolyrics.com/yesterdays-lyrics-beatles.html,2000
427,3,You Can't Do That,http://www.metrolyrics.com/you-cant-do-that-lyrics-beatles.html,2006
428,0,You Can't Do That,http://www.metrolyrics.com/you-canat-do-that-lyrics-beatles.html,2012
429,1,You Know My Name,http://www.metrolyrics.com/you-know-my-name-lyrics-beatles.html,1996
430,0,You Know My Name (Look Up The Number),http://www.metrolyrics.com/you-know-my-name-look-up-the-number-lyrics-beatles.html,1988
431,0,You Know My Name Look Up My Number,http://www.metrolyrics.com/you-know-my-name-look-up-my-number-lyrics-beatles.html,2010
432,0,You Know What To Do,http://www.metrolyrics.com/you-know-what-to-do-lyrics-beatles.html,2006
433,1,You Like Me Too Much,http://www.metrolyrics.com/you-like-me-too-much-lyrics-beatles.html,2014
434,3,You Never Give Me Your Money,http://www.metrolyrics.com/you-never-give-me-your-money-lyrics-beatles.html,1990
435,0,You Really Get A Hold On Me,http://www.metrolyrics.com/you-really-get-a-hold-on-me-lyrics-beatles.html,2006
436,2,You Really Got A Hold On Me,http://www.metrolyrics.com/you-really-got-a-hold-on-me-lyrics-beatles.html,2006
437,3,You Won't See Me,http://www.metrolyrics.com/you-wont-see-me-lyrics-beatles.html,2009
438,0,You'll Be Mine,http://www.metrolyrics.com/youll-be-mine-lyrics-beatles.html,2006
439,0,You're 16,http://www.metrolyrics.com/youre-16-lyrics-beatles.html,2000
440,3,You're Going to Lose That Girl,http://www.metrolyrics.com/youre-going-to-lose-that-girl-lyrics-beatles.html,2014
441,5,You've Got to Hide Your Love Away,http://www.metrolyrics.com/youve-got-to-hide-your-love-away-lyrics-beatles.html,1973
442,0,You've Really Got a Hold on Me,http://www.metrolyrics.com/youve-really-got-a-hold-on-me-lyrics-beatles.html,2014
443,0,Young Blood,http://www.metrolyrics.com/young-blood-lyrics-beatles.html,2006
444,0,Your Mother Should Know,http://www.metrolyrics.com/your-mother-should-know-lyrics-beatles.html,1996
